{"coords": [{"x1": 0.271875, "x2": 0.5515625, "y1": 0.2916666666666667, "y2": 0.49166666666666664}, {"x1": 0.346875, "x2": 0.4484375, "y1": 0.36875, "y2": 0.4125}, {"x1": 0.3859375, "x2": 0.4171875, "y1": 0.38333333333333336, "y2": 0.4041666666666667}]}